id,label
01E392EE-69F9-4E33-BFCE-E5C968654078.jpeg,1
03BF7561-A9BA-4C3C-B8A0-D3E585F73F3C.jpeg,1
1-s2.0-S0140673620303706-fx1_lrg.jpg,1
1-s2.0-S0929664620300449-gr2_lrg-a.jpg,1
1-s2.0-S0929664620300449-gr2_lrg-b.jpg,1
1-s2.0-S0929664620300449-gr2_lrg-c.jpg,1
1-s2.0-S0929664620300449-gr2_lrg-d.jpg,1
1-s2.0-S1684118220300608-main.pdf-001.jpg,1
1-s2.0-S1684118220300608-main.pdf-002.jpg,1
1-s2.0-S1684118220300682-main.pdf-002-a1.png,1
1-s2.0-S1684118220300682-main.pdf-002-a2.png,1
1-s2.0-S1684118220300682-main.pdf-003-b1.png,1
1312A392-67A3-4EBF-9319-810CF6DA5EF6.jpeg,1
171CB377-62FF-4B76-906C-F3787A01CB2E.jpeg,1
1B734A89-A1BF-49A8-A1D3-66FAFA4FAC5D.jpeg,1
1F6343EE-AFEC-4B7D-97F5-62797EE18767.jpeg,1
254B82FC-817D-4E2F-AB6E-1351341F0E38.jpeg,1
2966893D-5DDF-4B68-9E2B-4979D5956C8E.jpeg,1
2B8649B2-00C4-4233-85D5-1CE240CF233B.jpeg,1
2C26F453-AF3B-4517-BB9E-802CF2179543.jpeg,1
31BA3780-2323-493F-8AED-62081B9C383B.jpeg,1
353889E0-A1E8-4F9E-A0B8-F24F36BCFBFB.jpeg,1
35AF5C3B-D04D-4B4B-92B7-CB1F67D83085.jpeg,1
41591_2020_819_Fig1_HTML.webp-day10.png,1
41591_2020_819_Fig1_HTML.webp-day5.png,1
446B2CB6-B572-40AB-B01F-1910CA07086A.jpeg,1
44C8E3D6-20DA-42E9-B33B-96FA6D6DE12F.jpeg,1
4C4DEFD8-F55D-4588-AAD6-C59017F55966.jpeg,1
5931B64A-7B97-485D-BE60-3F1EA76BC4F0.jpeg,1
5A78BCA9-5B7A-440D-8A4E-AE7710EA6EAD.jpeg,1
5CBC2E94-D358-401E-8928-965CCD965C5C.jpeg,1
5e6dd879fde9502400e58b2f.jpeg,1
6C94A287-C059-46A0-8600-AFB95F4727B7.jpeg,1
6CB4EFC6-68FA-4CD5-940C-BEFA8DAFE9A7.jpeg,1
7AF6C1AF-D249-4BD2-8C26-449304105D03.jpeg,1
7C69C012-7479-493F-8722-ABC29C60A2DD.jpeg,1
7E335538-2F86-424E-A0AB-6397783A38D0.jpeg,1
85E52EB3-56E9-4D67-82DA-DEA247C82886.jpeg,1
93FE0BB1-022D-4F24-9727-987A07975FFB.jpeg,1
9C34AF49-E589-44D5-92D3-168B3B04E4A6.jpeg,1
all14238-fig-0001-m-b.jpg,1
all14238-fig-0002-m-d.jpg,1
all14238-fig-0002-m-e.jpg,1
all14238-fig-0002-m-f.jpg,1
auntminnie-a-2020_01_28_23_51_6665_2020_01_28_Vietnam_coronavirus.jpeg,1
auntminnie-b-2020_01_28_23_51_6665_2020_01_28_Vietnam_coronavirus.jpeg,1
auntminnie-c-2020_01_28_23_51_6665_2020_01_28_Vietnam_coronavirus.jpeg,1
auntminnie-d-2020_01_28_23_51_6665_2020_01_28_Vietnam_coronavirus.jpeg,1
B2D20576-00B7-4519-A415-72DE29C90C34.jpeg,1
B59DD164-51D5-40DF-A926-6A42DD52EBE8.jpeg,1
CD50BA96-6982-4C80-AE7B-5F67ACDBFA56.jpeg,1
ciaa199.pdf-001-a.png,1
ciaa199.pdf-001-b.png,1
ciaa199.pdf-001-c.png,1
covid-19-pneumonia-12.jpg,1
covid-19-pneumonia-14-L.png,1
covid-19-pneumonia-15-L.jpg,1
covid-19-pneumonia-15-PA.jpg,1
covid-19-pneumonia-2.jpg,1
covid-19-pneumonia-7-L.jpg,1
covid-19-pneumonia-7-PA.jpg,1
covs(1).jpeg,1
covs(10).jpeg,1
covs(11).jpeg,1
covs(12).jpeg,1
covs(13).jpeg,1
covs(14).jpeg,1
covs(15).jpeg,1
covs(16).jpeg,1
covs(17).jpeg,1
covs(18).jpeg,1
covs(19).jpeg,1
covs(2).jpeg,1
covs(20).jpeg,1
covs(21).jpeg,1
covs(22).jpeg,1
covs(23).jpeg,1
covs(24).jpeg,1
covs(25).jpeg,1
covs(26).jpeg,1
covs(27).jpeg,1
covs(28).jpeg,1
covs(29).jpeg,1
covs(3).jpeg,1
covs(30).jpeg,1
covs(31).jpeg,1
covs(32).jpeg,1
covs(33).jpeg,1
covs(34).jpeg,1
covs(35).jpeg,1
covs(36).jpeg,1
covs(37).jpeg,1
covs(38).jpeg,1
covs(39).jpeg,1
covs(4).jpeg,1
covs(40).jpeg,1
covs(41).jpeg,1
covs(42).jpeg,1
covs(43).jpeg,1
covs(44).jpeg,1
covs(45).jpeg,1
covs(46).jpeg,1
covs(47).jpeg,1
covs(48).jpeg,1
covs(49).jpeg,1
covs(5).jpeg,1
covs(50).jpeg,1
covs(51).jpeg,1
covs(52).jpeg,1
covs(53).jpeg,1
covs(54).jpeg,1
covs(55).jpeg,1
covs(56).jpeg,1
covs(57).jpeg,1
covs(58).jpeg,1
covs(59).jpeg,1
covs(6).jpeg,1
covs(60).jpeg,1
covs(7).jpeg,1
covs(8).jpeg,1
covs(9).jpeg,1
D7AF463C-2369-492D-908D-BE1911CCD74C.jpeg,1
E1724330-1866-4581-8CD8-CEC9B8AFEDDE.jpeg,1
E63574A7-4188-4C8D-8D17-9D67A18A1AFA.jpeg,1
F2DE909F-E19C-4900-92F5-8F435B031AC6.jpeg,1
F63AB6CE-1968-4154-A70F-913AF154F53D.jpeg,1
FE9F9A5D-2830-46F9-851B-1FF4534959BE.jpeg,1
figure1-5e71be566aa8714a04de3386-98-left.jpeg,1
figure1-5e73d7ae897e27ff066a30cb-98.jpeg,1
figure1-5e75d0940b71e1b702629659-98-right.jpeg,1
gr1_lrg-a.jpg,1
gr1_lrg-b.jpg,1
jkms-35-e79-g001-l-b.jpg,1
jkms-35-e79-g001-l-c.jpg,1
kjr-21-e24-g001-l-a.jpg,1
kjr-21-e24-g002-l-a.jpg,1
kjr-21-e24-g003-l-a.jpg,1
kjr-21-e25-g001-l-a.jpg,1
lancet-case2a.jpg,1
lancet-case2b.jpg,1
nCoV-radiol.2020200269.fig1-day7.jpeg,1
nejmc2001573_f1a.jpeg,1
nejmc2001573_f1b.jpeg,1
nejmoa2001191_f1-L.jpeg,1
nejmoa2001191_f1-PA.jpeg,1
nejmoa2001191_f3-L.jpeg,1
nejmoa2001191_f3-PA.jpeg,1
nejmoa2001191_f4.jpeg,1
nejmoa2001191_f5-L.jpeg,1
nejmoa2001191_f5-PA.jpeg,1
radiol.2020200490.fig3.jpeg,1
radiopedia-covid-19-pneumonia-2.jpg,1
ryct.2020200028.fig1a.jpeg,1
ryct.2020200034.fig2.jpeg,1
ryct.2020200034.fig5-day0.jpeg,1
ryct.2020200034.fig5-day4.jpeg,1
ryct.2020200034.fig5-day7.jpeg,1
NORMAL2-IM-0389-0001.jpeg,2
NORMAL2-IM-0390-0001.jpeg,2
NORMAL2-IM-0391-0001.jpeg,2
NORMAL2-IM-0392-0001.jpeg,2
NORMAL2-IM-0393-0001.jpeg,2
NORMAL2-IM-0394-0001.jpeg,2
NORMAL2-IM-0395-0001-0001.jpeg,2
NORMAL2-IM-0395-0001-0002.jpeg,2
NORMAL2-IM-0395-0001.jpeg,2
NORMAL2-IM-0396-0001.jpeg,2
NORMAL2-IM-0397-0001.jpeg,2
NORMAL2-IM-0399-0001.jpeg,2
NORMAL2-IM-0401-0001.jpeg,2
NORMAL2-IM-0402-0001.jpeg,2
NORMAL2-IM-0403-0001.jpeg,2
NORMAL2-IM-0404-0001.jpeg,2
NORMAL2-IM-0406-0001.jpeg,2
NORMAL2-IM-0407-0001.jpeg,2
NORMAL2-IM-0408-0001.jpeg,2
NORMAL2-IM-0409-0001.jpeg,2
NORMAL2-IM-0410-0001.jpeg,2
NORMAL2-IM-0412-0001.jpeg,2
NORMAL2-IM-0413-0001.jpeg,2
NORMAL2-IM-0414-0001.jpeg,2
NORMAL2-IM-0415-0001.jpeg,2
NORMAL2-IM-0416-0001-0001.jpeg,2
NORMAL2-IM-0416-0001-0002.jpeg,2
NORMAL2-IM-0416-0001.jpeg,2
NORMAL2-IM-0417-0001.jpeg,2
NORMAL2-IM-0418-0001.jpeg,2
NORMAL2-IM-0419-0001.jpeg,2
NORMAL2-IM-0421-0001.jpeg,2
NORMAL2-IM-0423-0001.jpeg,2
NORMAL2-IM-0424-0001.jpeg,2
NORMAL2-IM-0425-0001.jpeg,2
NORMAL2-IM-0427-0001.jpeg,2
NORMAL2-IM-0428-0001.jpeg,2
NORMAL2-IM-0429-0001.jpeg,2
NORMAL2-IM-0433-0001.jpeg,2
NORMAL2-IM-0435-0001.jpeg,2
NORMAL2-IM-0437-0001.jpeg,2
NORMAL2-IM-0439-0001.jpeg,2
NORMAL2-IM-0440-0001.jpeg,2
NORMAL2-IM-0441-0001.jpeg,2
NORMAL2-IM-0443-0001.jpeg,2
NORMAL2-IM-0445-0001.jpeg,2
NORMAL2-IM-0447-0001.jpeg,2
NORMAL2-IM-0448-0001.jpeg,2
NORMAL2-IM-0449-0001.jpeg,2
NORMAL2-IM-0450-0001.jpeg,2
NORMAL2-IM-0451-0001.jpeg,2
NORMAL2-IM-0452-0001.jpeg,2
NORMAL2-IM-0453-0001.jpeg,2
NORMAL2-IM-0454-0001.jpeg,2
NORMAL2-IM-0455-0001.jpeg,2
NORMAL2-IM-0456-0001.jpeg,2
NORMAL2-IM-0458-0001.jpeg,2
NORMAL2-IM-0460-0001.jpeg,2
NORMAL2-IM-0462-0001.jpeg,2
NORMAL2-IM-0463-0001.jpeg,2
NORMAL2-IM-0464-0001.jpeg,2
NORMAL2-IM-0465-0001.jpeg,2
NORMAL2-IM-0466-0001.jpeg,2
NORMAL2-IM-0468-0001.jpeg,2
NORMAL2-IM-0472-0001.jpeg,2
NORMAL2-IM-0473-0001.jpeg,2
NORMAL2-IM-0474-0001.jpeg,2
NORMAL2-IM-0475-0001.jpeg,2
NORMAL2-IM-0476-0001.jpeg,2
NORMAL2-IM-0478-0001.jpeg,2
NORMAL2-IM-0479-0001 (2).jpeg,2
NORMAL2-IM-0479-0001.jpeg,2
NORMAL2-IM-0480-0001.jpeg,2
NORMAL2-IM-0481-0001.jpeg,2
NORMAL2-IM-0482-0001.jpeg,2
NORMAL2-IM-0485-0001.jpeg,2
NORMAL2-IM-0486-0001 (2).jpeg,2
NORMAL2-IM-0486-0001.jpeg,2
NORMAL2-IM-0487-0001.jpeg,2
NORMAL2-IM-0488-0001.jpeg,2
NORMAL2-IM-0489-0001.jpeg,2
NORMAL2-IM-0490-0001.jpeg,2
NORMAL2-IM-0491-0001.jpeg,2
NORMAL2-IM-0493-0001.jpeg,2
NORMAL2-IM-0496-0001.jpeg,2
NORMAL2-IM-0497-0001.jpeg,2
NORMAL2-IM-0499-0001.jpeg,2
NORMAL2-IM-0500-0001.jpeg,2
NORMAL2-IM-0501-0001.jpeg,2
NORMAL2-IM-0502-0001.jpeg,2
NORMAL2-IM-0503-0001.jpeg,2
NORMAL2-IM-0506-0001.jpeg,2
NORMAL2-IM-0507-0001.jpeg,2
NORMAL2-IM-0508-0001.jpeg,2
NORMAL2-IM-0509-0001.jpeg,2
NORMAL2-IM-0511-0001.jpeg,2
NORMAL2-IM-0512-0001.jpeg,2
NORMAL2-IM-0513-0001.jpeg,2
NORMAL2-IM-0515-0001.jpeg,2
NORMAL2-IM-0516-0001.jpeg,2
NORMAL2-IM-0517-0001.jpeg,2
NORMAL2-IM-0518-0001.jpeg,2
NORMAL2-IM-0520-0001.jpeg,2
NORMAL2-IM-0521-0001.jpeg,2
NORMAL2-IM-0522-0001.jpeg,2
NORMAL2-IM-0523-0001 (2).jpeg,2
NORMAL2-IM-0523-0001.jpeg,2
NORMAL2-IM-0525-0001.jpeg,2
NORMAL2-IM-0526-0001.jpeg,2
NORMAL2-IM-0528-0001.jpeg,2
NORMAL2-IM-0529-0001.jpeg,2
NORMAL2-IM-0530-0001.jpeg,2
NORMAL2-IM-0531-0001.jpeg,2
NORMAL2-IM-0533-0001.jpeg,2
NORMAL2-IM-0535-0001 (2).jpeg,2
NORMAL2-IM-0535-0001-0002.jpeg,2
NORMAL2-IM-0535-0001.jpeg,2
NORMAL2-IM-0536-0001.jpeg,2
NORMAL2-IM-0537-0001.jpeg,2
NORMAL2-IM-0539-0001.jpeg,2
NORMAL2-IM-0540-0001.jpeg,2
NORMAL2-IM-0541-0001.jpeg,2
NORMAL2-IM-0543-0001.jpeg,2
NORMAL2-IM-0545-0001.jpeg,2
NORMAL2-IM-0547-0001.jpeg,2
NORMAL2-IM-0550-0001.jpeg,2
NORMAL2-IM-0551-0001.jpeg,2
NORMAL2-IM-0552-0001.jpeg,2
NORMAL2-IM-0553-0001.jpeg,2
NORMAL2-IM-0554-0001.jpeg,2
NORMAL2-IM-0555-0001-0001.jpeg,2
NORMAL2-IM-0555-0001-0002.jpeg,2
NORMAL2-IM-0555-0001.jpeg,2
NORMAL2-IM-0557-0001.jpeg,2
NORMAL2-IM-0558-0001.jpeg,2
NORMAL2-IM-0559-0001.jpeg,2
NORMAL2-IM-0561-0001.jpeg,2
NORMAL2-IM-0563-0001.jpeg,2
NORMAL2-IM-0564-0001.jpeg,2
NORMAL2-IM-0566-0001.jpeg,2
NORMAL2-IM-0567-0001.jpeg,2
NORMAL2-IM-0568-0001.jpeg,2
NORMAL2-IM-0569-0001.jpeg,2
NORMAL2-IM-0571-0001.jpeg,2
NORMAL2-IM-0572-0001.jpeg,2
NORMAL2-IM-0573-0001.jpeg,2
NORMAL2-IM-0575-0001.jpeg,2
NORMAL2-IM-0576-0001.jpeg,2
NORMAL2-IM-0577-0001.jpeg,2
NORMAL2-IM-0578-0001.jpeg,2
NORMAL2-IM-0579-0001.jpeg,2
NORMAL2-IM-0580-0001.jpeg,2
NORMAL2-IM-0582-0001.jpeg,2
NORMAL2-IM-0583-0001.jpeg,2
NORMAL2-IM-0585-0001.jpeg,2
NORMAL2-IM-0587-0001-0001.jpeg,2
NORMAL2-IM-0587-0001-0002.jpeg,2
NORMAL2-IM-0587-0001.jpeg,2
NORMAL2-IM-0588-0001.jpeg,2
NORMAL2-IM-0589-0001.jpeg,2
NORMAL2-IM-0592-0001.jpeg,2
NORMAL2-IM-0594-0001.jpeg,2
NORMAL2-IM-0595-0001.jpeg,2
NORMAL2-IM-0596-0001.jpeg,2
NORMAL2-IM-0599-0001.jpeg,2
NORMAL2-IM-0600-0001.jpeg,2
NORMAL2-IM-0601-0001.jpeg,2
NORMAL2-IM-0602-0001.jpeg,2
NORMAL2-IM-0603-0001.jpeg,2
NORMAL2-IM-0604-0001.jpeg,2
NORMAL2-IM-0609-0001.jpeg,2
NORMAL2-IM-0611-0001.jpeg,2
NORMAL2-IM-0616-0001.jpeg,2
NORMAL2-IM-0617-0001.jpeg,2
NORMAL2-IM-0618-0001.jpeg,2
NORMAL2-IM-0619-0001.jpeg,2
NORMAL2-IM-0620-0001.jpeg,2
NORMAL2-IM-0621-0001.jpeg,2
NORMAL2-IM-0622-0001.jpeg,2
NORMAL2-IM-0623-0001.jpeg,2
NORMAL2-IM-0626-0001.jpeg,2
NORMAL2-IM-0627-0001.jpeg,2
NORMAL2-IM-0629-0001.jpeg,2
NORMAL2-IM-0630-0001.jpeg,2
NORMAL2-IM-0633-0001.jpeg,2
NORMAL2-IM-0634-0001.jpeg,2
NORMAL2-IM-0635-0001.jpeg,2
NORMAL2-IM-0636-0001 (2).jpeg,2
NORMAL2-IM-0636-0001.jpeg,2
NORMAL2-IM-0637-0001.jpeg,2
NORMAL2-IM-0640-0001.jpeg,2
NORMAL2-IM-0641-0001.jpeg,2
NORMAL2-IM-0642-0001.jpeg,2
NORMAL2-IM-0643-0001.jpeg,2
NORMAL2-IM-0645-0001.jpeg,2
NORMAL2-IM-0647-0001.jpeg,2
NORMAL2-IM-0648-0001.jpeg,2
NORMAL2-IM-0649-0001.jpeg,2
NORMAL2-IM-0650-0001.jpeg,2
NORMAL2-IM-0651-0001.jpeg,2
NORMAL2-IM-0651-0004.jpeg,2
NORMAL2-IM-0652-0001.jpeg,2
NORMAL2-IM-0653-0001.jpeg,2
NORMAL2-IM-0654-0001.jpeg,2
NORMAL2-IM-0655-0001.jpeg,2
NORMAL2-IM-0657-0001.jpeg,2
NORMAL2-IM-0659-0001.jpeg,2
NORMAL2-IM-0660-0001.jpeg,2
NORMAL2-IM-0661-0001.jpeg,2
NORMAL2-IM-0662-0001.jpeg,2
NORMAL2-IM-0663-0001.jpeg,2
NORMAL2-IM-0664-0001.jpeg,2
NORMAL2-IM-0665-0001.jpeg,2
NORMAL2-IM-0666-0001.jpeg,2
NORMAL2-IM-0667-0001.jpeg,2
NORMAL2-IM-0668-0001.jpeg,2
NORMAL2-IM-0669-0001.jpeg,2
NORMAL2-IM-0671-0001.jpeg,2
NORMAL2-IM-0672-0001.jpeg,2
NORMAL2-IM-0673-0001.jpeg,2
NORMAL2-IM-0675-0001.jpeg,2
NORMAL2-IM-0678-0001.jpeg,2
NORMAL2-IM-0680-0001.jpeg,2
NORMAL2-IM-0682-0001.jpeg,2
NORMAL2-IM-0683-0001.jpeg,2
NORMAL2-IM-0684-0001-0001.jpeg,2
NORMAL2-IM-0686-0001.jpeg,2
NORMAL2-IM-0687-0001.jpeg,2
NORMAL2-IM-0689-0001.jpeg,2
NORMAL2-IM-0690-0001.jpeg,2
NORMAL2-IM-0692-0001.jpeg,2
NORMAL2-IM-0693-0001.jpeg,2
NORMAL2-IM-0694-0001.jpeg,2
NORMAL2-IM-0695-0001.jpeg,2
NORMAL2-IM-0696-0001.jpeg,2
NORMAL2-IM-0698-0001.jpeg,2
NORMAL2-IM-0699-0001.jpeg,2
NORMAL2-IM-0700-0001.jpeg,2
NORMAL2-IM-0702-0001.jpeg,2
NORMAL2-IM-0705-0001.jpeg,2
NORMAL2-IM-0707-0001.jpeg,2
NORMAL2-IM-0718-0001.jpeg,2
NORMAL2-IM-0719-0001.jpeg,2
NORMAL2-IM-0723-0001.jpeg,2
NORMAL2-IM-0725-0001.jpeg,2
NORMAL2-IM-0727-0001.jpeg,2
NORMAL2-IM-0730-0001.jpeg,2
NORMAL2-IM-0736-0001.jpeg,2
NORMAL2-IM-0741-0001.jpeg,2
NORMAL2-IM-0744-0001.jpeg,2
NORMAL2-IM-0746-0001.jpeg,2
NORMAL2-IM-0749-0001.jpeg,2
NORMAL2-IM-0753-0001.jpeg,2
NORMAL2-IM-0757-0001.jpeg,2
NORMAL2-IM-0765-0001.jpeg,2
NORMAL2-IM-0771-0001.jpeg,2
NORMAL2-IM-0772-0001.jpeg,2
NORMAL2-IM-0774-0001.jpeg,2
NORMAL2-IM-0775-0001.jpeg,2
NORMAL2-IM-0776-0001.jpeg,2
NORMAL2-IM-0777-0001.jpeg,2
NORMAL2-IM-0780-0001.jpeg,2
NORMAL2-IM-0781-0001.jpeg,2
NORMAL2-IM-0790-0001.jpeg,2
NORMAL2-IM-0793-0001.jpeg,2
NORMAL2-IM-0796-0001.jpeg,2
NORMAL2-IM-0797-0001.jpeg,2
NORMAL2-IM-0798-0001.jpeg,2
NORMAL2-IM-0799-0001.jpeg,2
NORMAL2-IM-0803-0001.jpeg,2
NORMAL2-IM-0804-0001.jpeg,2
NORMAL2-IM-0806-0001.jpeg,2
NORMAL2-IM-0807-0001.jpeg,2
NORMAL2-IM-0808-0001.jpeg,2
NORMAL2-IM-0809-0001.jpeg,2
NORMAL2-IM-0810-0001.jpeg,2
NORMAL2-IM-0811-0001.jpeg,2
NORMAL2-IM-0812-0001.jpeg,2
NORMAL2-IM-0814-0001.jpeg,2
NORMAL2-IM-0815-0001.jpeg,2
NORMAL2-IM-0816-0001.jpeg,2
NORMAL2-IM-0818-0001-0002.jpeg,2
NORMAL2-IM-0818-0001.jpeg,2
NORMAL2-IM-0819-0001.jpeg,2
NORMAL2-IM-0820-0001.jpeg,2
NORMAL2-IM-0821-0001.jpeg,2
NORMAL2-IM-0822-0001.jpeg,2
NORMAL2-IM-0824-0001 (2).jpeg,2
NORMAL2-IM-0824-0001.jpeg,2
NORMAL2-IM-0825-0001.jpeg,2
NORMAL2-IM-0826-0001.jpeg,2
NORMAL2-IM-0827-0001.jpeg,2
NORMAL2-IM-0828-0001.jpeg,2
NORMAL2-IM-0829-0001.jpeg,2
NORMAL2-IM-0830-0001.jpeg,2
NORMAL2-IM-0831-0001.jpeg,2
NORMAL2-IM-0832-0001-0001.jpeg,2
NORMAL2-IM-0832-0001-0002.jpeg,2
NORMAL2-IM-0832-0001.jpeg,2
NORMAL2-IM-0833-0001.jpeg,2
NORMAL2-IM-0834-0001.jpeg,2
NORMAL2-IM-0836-0001.jpeg,2
NORMAL2-IM-0837-0001.jpeg,2
NORMAL2-IM-0838-0001.jpeg,2
NORMAL2-IM-0839-0001.jpeg,2
NORMAL2-IM-0840-0001.jpeg,2
NORMAL2-IM-0841-0001.jpeg,2
NORMAL2-IM-0842-0001.jpeg,2
NORMAL2-IM-0843-0001.jpeg,2
NORMAL2-IM-0845-0001.jpeg,2
NORMAL2-IM-0846-0001.jpeg,2
NORMAL2-IM-0847-0001.jpeg,2
NORMAL2-IM-0848-0001.jpeg,2
NORMAL2-IM-0849-0001.jpeg,2
NORMAL2-IM-0851-0001-0001.jpeg,2
NORMAL2-IM-0851-0001-0002.jpeg,2
NORMAL2-IM-0851-0001.jpeg,2
NORMAL2-IM-0852-0001.jpeg,2
NORMAL2-IM-0853-0001 (2).jpeg,2
NORMAL2-IM-0853-0001.jpeg,2
NORMAL2-IM-0854-0001.jpeg,2
NORMAL2-IM-0855-0001.jpeg,2
NORMAL2-IM-0856-0001.jpeg,2
NORMAL2-IM-0857-0001.jpeg,2
NORMAL2-IM-0858-0001.jpeg,2
NORMAL2-IM-0859-0001.jpeg,2
NORMAL2-IM-0860-0001.jpeg,2
NORMAL2-IM-0862-0001.jpeg,2
NORMAL2-IM-0863-0001.jpeg,2
NORMAL2-IM-0865-0001.jpeg,2
NORMAL2-IM-0866-0001.jpeg,2
NORMAL2-IM-0867-0001.jpeg,2
NORMAL2-IM-0868-0001.jpeg,2
NORMAL2-IM-0869-0001.jpeg,2
NORMAL2-IM-0870-0001.jpeg,2
NORMAL2-IM-0871-0001.jpeg,2
NORMAL2-IM-0872-0001.jpeg,2
NORMAL2-IM-0873-0001.jpeg,2
NORMAL2-IM-0874-0001.jpeg,2
NORMAL2-IM-0875-0001.jpeg,2
NORMAL2-IM-0876-0001.jpeg,2
NORMAL2-IM-0877-0001.jpeg,2
NORMAL2-IM-0879-0001.jpeg,2
NORMAL2-IM-0880-0001.jpeg,2
NORMAL2-IM-0881-0001.jpeg,2
NORMAL2-IM-0882-0001.jpeg,2
NORMAL2-IM-0885-0001.jpeg,2
NORMAL2-IM-0886-0001.jpeg,2
NORMAL2-IM-0887-0001.jpeg,2
NORMAL2-IM-0888-0001.jpeg,2
NORMAL2-IM-0890-0001.jpeg,2
NORMAL2-IM-0892-0001.jpeg,2
NORMAL2-IM-0893-0001.jpeg,2
NORMAL2-IM-0894-0001.jpeg,2
NORMAL2-IM-0895-0001.jpeg,2
NORMAL2-IM-0896-0001.jpeg,2
NORMAL2-IM-0897-0001.jpeg,2
NORMAL2-IM-0898-0001.jpeg,2
NORMAL2-IM-0899-0001.jpeg,2
NORMAL2-IM-0900-0001.jpeg,2
NORMAL2-IM-0903-0001.jpeg,2
NORMAL2-IM-0904-0001.jpeg,2
NORMAL2-IM-0905-0001.jpeg,2
NORMAL2-IM-0906-0001.jpeg,2
NORMAL2-IM-0907-0001.jpeg,2
NORMAL2-IM-0908-0001.jpeg,2
NORMAL2-IM-0909-0001.jpeg,2
NORMAL2-IM-0910-0001 (2).jpeg,2
NORMAL2-IM-0910-0001.jpeg,2
NORMAL2-IM-0911-0001.jpeg,2
NORMAL2-IM-0912-0001.jpeg,2
NORMAL2-IM-0913-0001.jpeg,2
NORMAL2-IM-0914-0001.jpeg,2
NORMAL2-IM-0915-0001.jpeg,2
NORMAL2-IM-0917-0001.jpeg,2
NORMAL2-IM-0918-0001.jpeg,2
NORMAL2-IM-0919-0001.jpeg,2
NORMAL2-IM-0922-0001.jpeg,2
NORMAL2-IM-0923-0001.jpeg,2
NORMAL2-IM-0924-0001.jpeg,2
NORMAL2-IM-0925-0001.jpeg,2
NORMAL2-IM-0926-0001.jpeg,2
NORMAL2-IM-0927-0001.jpeg,2
NORMAL2-IM-0929-0001.jpeg,2
NORMAL2-IM-0930-0001 (2).jpeg,2
NORMAL2-IM-0930-0001.jpeg,2
NORMAL2-IM-0931-0001.jpeg,2
NORMAL2-IM-0932-0001.jpeg,2
NORMAL2-IM-0933-0001.jpeg,2
NORMAL2-IM-0934-0001.jpeg,2
NORMAL2-IM-0935-0001.jpeg,2
NORMAL2-IM-0936-0001.jpeg,2
NORMAL2-IM-0937-0001.jpeg,2
NORMAL2-IM-0939-0001.jpeg,2
NORMAL2-IM-0941-0001.jpeg,2
NORMAL2-IM-0942-0001.jpeg,2
NORMAL2-IM-0944-0001.jpeg,2
NORMAL2-IM-0945-0001.jpeg,2
NORMAL2-IM-0946-0001.jpeg,2
NORMAL2-IM-0947-0001.jpeg,2
NORMAL2-IM-0948-0001.jpeg,2
NORMAL2-IM-0949-0001.jpeg,2
NORMAL2-IM-0950-0001.jpeg,2
NORMAL2-IM-0951-0001.jpeg,2
NORMAL2-IM-0952-0001.jpeg,2
NORMAL2-IM-0954-0001.jpeg,2
NORMAL2-IM-0955-0001.jpeg,2
NORMAL2-IM-0956-0001.jpeg,2
NORMAL2-IM-0957-0001.jpeg,2
NORMAL2-IM-0959-0001.jpeg,2
NORMAL2-IM-0960-0001.jpeg,2
NORMAL2-IM-0961-0001.jpeg,2
NORMAL2-IM-0962-0001.jpeg,2
NORMAL2-IM-0965-0001.jpeg,2
NORMAL2-IM-0966-0001.jpeg,2
NORMAL2-IM-0967-0001.jpeg,2
NORMAL2-IM-0969-0001.jpeg,2
NORMAL2-IM-0970-0001.jpeg,2
NORMAL2-IM-0971-0001-0001.jpeg,2
NORMAL2-IM-0971-0001-0002.jpeg,2
NORMAL2-IM-0974-0001.jpeg,2
NORMAL2-IM-0975-0001.jpeg,2
NORMAL2-IM-0976-0001.jpeg,2
NORMAL2-IM-0977-0001.jpeg,2
NORMAL2-IM-0978-0001.jpeg,2
NORMAL2-IM-0979-0001.jpeg,2
NORMAL2-IM-0980-0001.jpeg,2
NORMAL2-IM-0981-0001.jpeg,2
NORMAL2-IM-0983-0001-0001.jpeg,2
NORMAL2-IM-0983-0001-0002.jpeg,2
NORMAL2-IM-0983-0001.jpeg,2
NORMAL2-IM-0986-0001.jpeg,2
NORMAL2-IM-0987-0001.jpeg,2
NORMAL2-IM-0988-0001.jpeg,2
NORMAL2-IM-0989-0001.jpeg,2
NORMAL2-IM-0992-0001.jpeg,2
NORMAL2-IM-0993-0001.jpeg,2
NORMAL2-IM-0994-0001.jpeg,2
NORMAL2-IM-0995-0001-0001.jpeg,2
NORMAL2-IM-0995-0001-0002.jpeg,2
NORMAL2-IM-0995-0001.jpeg,2
NORMAL2-IM-0997-0001.jpeg,2
NORMAL2-IM-0998-0001.jpeg,2
NORMAL2-IM-0999-0001.jpeg,2
NORMAL2-IM-1001-0001.jpeg,2
NORMAL2-IM-1002-0001.jpeg,2
NORMAL2-IM-1004-0001.jpeg,2
NORMAL2-IM-1005-0001.jpeg,2
NORMAL2-IM-1006-0001.jpeg,2
NORMAL2-IM-1008-0001.jpeg,2
NORMAL2-IM-1010-0001.jpeg,2
NORMAL2-IM-1011-0001.jpeg,2
NORMAL2-IM-1014-0001.jpeg,2
NORMAL2-IM-1015-0001.jpeg,2
NORMAL2-IM-1016-0001.jpeg,2
NORMAL2-IM-1017-0001.jpeg,2
NORMAL2-IM-1018-0001.jpeg,2
NORMAL2-IM-1019-0001.jpeg,2
NORMAL2-IM-1020-0001-0001.jpeg,2
NORMAL2-IM-1020-0001-0002.jpeg,2
NORMAL2-IM-1020-0001.jpeg,2
NORMAL2-IM-1022-0001.jpeg,2
NORMAL2-IM-1023-0001.jpeg,2
NORMAL2-IM-1024-0001.jpeg,2
NORMAL2-IM-1025-0001.jpeg,2
NORMAL2-IM-1026-0001.jpeg,2
NORMAL2-IM-1027-0001.jpeg,2
NORMAL2-IM-1028-0001.jpeg,2
NORMAL2-IM-1030-0001.jpeg,2
NORMAL2-IM-1033-0001.jpeg,2
NORMAL2-IM-1035-0001.jpeg,2
NORMAL2-IM-1037-0001.jpeg,2
NORMAL2-IM-1038-0001.jpeg,2
NORMAL2-IM-1039-0001.jpeg,2
NORMAL2-IM-1040-0001.jpeg,2
NORMAL2-IM-1041-0001.jpeg,2
NORMAL2-IM-1043-0001.jpeg,2
NORMAL2-IM-1044-0001.jpeg,2
NORMAL2-IM-1045-0001.jpeg,2
NORMAL2-IM-1046-0001.jpeg,2
NORMAL2-IM-1047-0001.jpeg,2
NORMAL2-IM-1048-0001.jpeg,2
NORMAL2-IM-1049-0001 (2).jpeg,2
NORMAL2-IM-1049-0001.jpeg,2
NORMAL2-IM-1050-0001.jpeg,2
NORMAL2-IM-1051-0001.jpeg,2
NORMAL2-IM-1052-0001.jpeg,2
NORMAL2-IM-1053-0001.jpeg,2
NORMAL2-IM-1054-0001.jpeg,2
NORMAL2-IM-1055-0001.jpeg,2
NORMAL2-IM-1056-0001.jpeg,2
NORMAL2-IM-1058-0001.jpeg,2
NORMAL2-IM-1059-0001.jpeg,2
NORMAL2-IM-1060-0001.jpeg,2
NORMAL2-IM-1062-0001.jpeg,2
NORMAL2-IM-1064-0001.jpeg,2
NORMAL2-IM-1067-0001-0001.jpeg,2
NORMAL2-IM-1067-0001.jpeg,2
NORMAL2-IM-1073-0001.jpeg,2
NORMAL2-IM-1084-0001.jpeg,2
